feature,importance
EVIDENCE::E_151,0.12796828
EVIDENCE::E_191,0.0807642
EVIDENCE::E_131_@_V_12,0.06284804
EVIDENCE::E_21,0.045813113
EVIDENCE::E_131_@_V_10,0.044117074
EVIDENCE::E_54_@_V_154,0.0420272
EVIDENCE::E_54_@_V_71,0.037181415
EVIDENCE::E_69,0.03470171
EVIDENCE::E_212,0.03378044
EVIDENCE::E_125,0.03316784
EVIDENCE::E_18,0.03304365
EVIDENCE::E_46,0.029003577
EVIDENCE::E_57_@_V_170,0.028225932
EVIDENCE::E_224,0.022473374
EVIDENCE::E_72,0.01514659
EVIDENCE::E_54_@_V_191,0.01506663
EVIDENCE::E_219,0.014947504
EVIDENCE::E_55_@_V_108,0.014413218
EVIDENCE::E_55_@_V_109,0.01322502
EVIDENCE::E_2,0.0130869895
EVIDENCE::E_20,0.012822873
EVIDENCE::E_135_@_V_10,0.011481828
EVIDENCE::E_89,0.009336996
EVIDENCE::E_135_@_V_12,0.009281204
EVIDENCE::E_226,0.008235904
EVIDENCE::E_47,0.0076118894
EVIDENCE::E_55_@_V_33,0.0069986377
EVIDENCE::E_119,0.0066562155
EVIDENCE::E_57_@_V_128,0.006523923
EVIDENCE::E_196,0.006412674
EVIDENCE::E_61,0.0062106163
EVIDENCE::E_165,0.005860766
EVIDENCE::E_55_@_V_128,0.0056436295
EVIDENCE::E_31,0.005205498
EVIDENCE::E_209,0.0050715595
EVIDENCE::E_57_@_V_56,0.004984757
EVIDENCE::INITIAL::E_212,0.0049765273
EVIDENCE::E_55_@_V_174,0.0048962696
EVIDENCE::E_41,0.0048193005
EVIDENCE::E_57_@_V_127,0.004380007
EVIDENCE::E_200,0.004295502
EVIDENCE::E_106,0.004190097
EVIDENCE::E_44,0.0040376466
EVIDENCE::E_57_@_V_55,0.0036314868
EVIDENCE::E_55_@_V_167,0.003399244
EVIDENCE::E_88,0.0032669923
EVIDENCE::E_133_@_V_39,0.0028543419
EVIDENCE::E_95,0.0028275081
EVIDENCE::E_101,0.0026279583
EVIDENCE::E_175,0.0026158388
EVIDENCE::E_55_@_V_166,0.0025487246
EVIDENCE::INITIAL::E_218,0.0025331217
EVIDENCE::INITIAL::E_14,0.0024441176
EVIDENCE::INITIAL::E_151,0.0024328416
EVIDENCE::E_55_@_V_21,0.0023752144
EVIDENCE::E_116,0.002156085
EVIDENCE::E_218,0.0021401364
EVIDENCE::E_55_@_V_127,0.0021258027
EVIDENCE::E_208,0.0020254538
EVIDENCE::E_198,0.0019166953
EVIDENCE::E_162,0.0018372197
EVIDENCE::INITIAL::E_159,0.0017944429
EVIDENCE::E_54_@_V_181,0.0017549829
EVIDENCE::E_97,0.0016837083
EVIDENCE::E_199,0.0016345666
EVIDENCE::INITIAL::E_89,0.00162025
EVIDENCE::E_14,0.0016008797
EVIDENCE::E_78,0.0014798718
EVIDENCE::E_55_@_V_20,0.0014307107
EVIDENCE::E_55_@_V_137,0.0014216861
EVIDENCE::E_133_@_V_41,0.0013927297
EVIDENCE::E_124,0.0013923708
EVIDENCE::E_55_@_V_26,0.0013911896
EVIDENCE::E_55_@_V_163,0.0013707124
EVIDENCE::E_55_@_V_25,0.0012515633
EVIDENCE::E_55_@_V_53,0.0012213213
EVIDENCE::E_87,0.0011858682
EVIDENCE::E_34,0.0011793849
EVIDENCE::E_118,0.0011523098
EVIDENCE::INITIAL::E_88,0.0011100506
EVIDENCE::E_129,0.0010226317
EVIDENCE::E_133_@_V_40,0.0009810309
EVIDENCE::E_133_@_V_42,0.00095196103
EVIDENCE::E_227,0.000935125
EVIDENCE::E_123,0.00091587804
EVIDENCE::E_107,0.0008981721
EVIDENCE::E_133_@_V_82,0.00084347866
EVIDENCE::E_77,0.00076136854
QUESTIONNAIRE_COMPLETION_FRACTION,0.00075815705
EVIDENCE::E_50,0.00073392363
EVIDENCE::E_57_@_V_123,0.00073050393
EVIDENCE::E_109,0.0007204373
EVIDENCE::E_207,0.00070956955
EVIDENCE::E_55_@_V_54,0.00070449116
EVIDENCE::E_53,0.00063240726
CONSULTATION_STAGE_CODE,0.0006251038
EVIDENCE::E_159,0.00060950103
EVIDENCE::E_57_@_V_171,0.00058475323
EVIDENCE::E_222,0.0005748601
NONINITIAL_EVIDENCE_COUNT,0.00054863887
EVIDENCE::INITIAL::E_175,0.0005438176
EVIDENCE::E_130_@_V_156,0.00053973804
EVIDENCE::E_133_@_V_123,0.0005137253
EVIDENCE::E_55_@_V_124,0.0005082893
EVIDENCE::E_133_@_V_194,0.00048704952
EVIDENCE::E_220,0.00046549237
EVIDENCE::E_181,0.00046237512
EVIDENCE::E_45,0.00045793536
EVIDENCE::E_133_@_V_38,0.0004349675
EVIDENCE::E_17,0.0004343247
EVIDENCE::E_214,0.00041863314
EVIDENCE::E_54_@_V_198,0.0003946058
EVIDENCE::E_110,0.0003861356
EVIDENCE::E_133_@_V_89,0.00038282239
EVIDENCE::E_133_@_V_84,0.00037990857
EVIDENCE::INITIAL::E_162,0.00037795672
EVIDENCE::INITIAL::E_214,0.0003715175
EVIDENCE::E_66,0.00036289557
INITIAL_EVIDENCE_ONLY,0.00035262565
EVIDENCE::INITIAL::E_77,0.00033700917
EVIDENCE::E_130_@_V_11,0.00032875125
EVIDENCE::E_133_@_V_195,0.0003287487
EVIDENCE::E_161,0.00032522
EVIDENCE::E_55_@_V_29,0.00032048862
EVIDENCE::INITIAL::E_53,0.00029964364
EVIDENCE::INITIAL::E_220,0.00029761824
EVIDENCE::E_54_@_V_183,0.00028738138
EVIDENCE::INITIAL::E_219,0.00028342285
EVIDENCE::INITIAL::E_181,0.00026347578
EVIDENCE::E_54_@_V_161,0.0002592899
EVIDENCE::E_54_@_V_179,0.00025160596
EVIDENCE::E_48,0.00025111611
EVIDENCE::INITIAL::E_50,0.00025031855
EVIDENCE::INITIAL::E_91,0.0002501513
EVIDENCE::E_144,0.00024568356
EVIDENCE::E_55_@_V_148,0.00024159391
EVIDENCE::INITIAL::E_45,0.00023472875
EVIDENCE::E_55_@_V_160,0.00022678416
EVIDENCE::INITIAL::E_66,0.00022089423
EVIDENCE::E_55_@_V_89,0.00021932306
EVIDENCE::E_91,0.00021880666
EVIDENCE::E_55_@_V_170,0.00021591676
EVIDENCE::INITIAL::E_97,0.00021182808
EVIDENCE::INITIAL::E_201,0.00021042615
EVIDENCE::E_133_@_V_85,0.0002042462
EVIDENCE::INITIAL::E_129,0.00020319312
EVIDENCE::E_55_@_V_62,0.00019985031
EVIDENCE::E_55_@_V_171,0.0001997533
EVIDENCE::E_58_@_10,0.00019885231
EVIDENCE::E_58_@_9,0.00018583216
EVIDENCE::E_58_@_3,0.00018424746
EVIDENCE::E_79,0.00018260747
EVIDENCE::INITIAL::E_161,0.00018040607
EVIDENCE::E_54_@_V_192,0.0001800706
EVIDENCE::E_58_@_0,0.00017380023
EVIDENCE::E_55_@_V_101,0.00017298463
EVIDENCE::E_49,0.00017162715
EVIDENCE::INITIAL::E_94,0.00016469286
EVIDENCE::E_204_@_V_10,0.00016453894
EVIDENCE::E_201,0.00016056471
EVIDENCE::INITIAL::E_144,0.00015184454
EVIDENCE::E_55_@_V_159,0.00014999432
EVIDENCE::E_56_@_2,0.00014682383
EVIDENCE::E_58_@_2,0.00014640132
EVIDENCE::E_55_@_V_56,0.00014618157
EVIDENCE::E_133_@_V_83,0.00014351151
EVIDENCE::E_56_@_1,0.00013374121
EVIDENCE::E_56_@_9,0.000116188334
EVIDENCE::E_54_@_V_11,0.000114892944
EVIDENCE::E_55_@_V_55,0.00010949442
EVIDENCE::E_55_@_V_123,0.0001021355
EVIDENCE::E_57_@_V_160,0.00010190871
EVIDENCE::E_133_@_V_171,9.419842e-05
EVIDENCE::E_136_@_0,7.7810495e-05
EVIDENCE::E_56_@_8,7.485404e-05
EVIDENCE::E_132_@_0,7.123526e-05
EVIDENCE::E_94,7.1195354e-05
EVIDENCE::E_56_@_10,6.38652e-05
EVIDENCE::E_152_@_V_123,6.0636048e-05
EVIDENCE::E_57_@_V_159,5.6216595e-05
EVIDENCE::E_56_@_0,5.608803e-05
EVIDENCE::E_59_@_9,5.4256736e-05
EVIDENCE::E_59_@_7,5.1022635e-05
EVIDENCE::E_134_@_0,5.0595e-05
EVIDENCE::E_134_@_4,5.01991e-05
EVIDENCE::E_56_@_6,4.873391e-05
EVIDENCE::E_152_@_V_24,4.5272027e-05
EVIDENCE::E_152_@_V_119,3.8308346e-05
EVIDENCE::E_133_@_V_170,3.7408077e-05
EVIDENCE::E_152_@_V_23,3.6292022e-05
EVIDENCE::E_136_@_1,3.627956e-05
EVIDENCE::E_56_@_7,3.562484e-05
EVIDENCE::E_59_@_6,3.302129e-05
EVIDENCE::E_134_@_6,3.2996802e-05
AGE,3.162443e-05
EVIDENCE::E_59_@_8,3.0940453e-05
EVIDENCE::E_58_@_1,2.7812306e-05
EVIDENCE::E_133_@_V_54,2.389861e-05
EVIDENCE::E_59_@_10,2.2646e-05
EVIDENCE::E_57_@_V_101,2.1198113e-05
EVIDENCE::E_58_@_8,2.0870491e-05
EVIDENCE::E_152_@_V_120,2.0684884e-05
EVIDENCE::E_204_@_V_4,2.0655309e-05
EVIDENCE::E_133_@_V_53,1.7325396e-05
EVIDENCE::E_58_@_7,1.7112687e-05
EVIDENCE::E_56_@_3,1.6289692e-05
EVIDENCE::E_59_@_2,1.6114884e-05
EVIDENCE::E_59_@_0,1.5642461e-05
EVIDENCE::E_59_@_1,1.5143108e-05
EVIDENCE::E_56_@_5,1.4069077e-05
EVIDENCE::E_59_@_4,1.3992424e-05
EVIDENCE::E_56_@_4,1.3721788e-05
EVIDENCE::E_59_@_3,1.3082155e-05
EVIDENCE::E_133_@_V_26,9.092815e-06
EVIDENCE::E_134_@_2,8.7571425e-06
EVIDENCE::E_134_@_1,8.7204635e-06
EVIDENCE::E_59_@_5,7.70765e-06
EVIDENCE::E_58_@_4,7.6125e-06
EVIDENCE::E_58_@_6,7.171868e-06
EVIDENCE::E_58_@_5,7.10869e-06
EVIDENCE::E_133_@_V_187,7.0088126e-06
EVIDENCE::E_100,6.673178e-06
EVIDENCE::E_132_@_2,6.5541753e-06
EVIDENCE::E_132_@_1,5.988889e-06
EVIDENCE::E_132_@_4,4.619159e-06
SEX_MALE_CODE,4.5093675e-06
EVIDENCE::E_134_@_5,4.193472e-06
EVIDENCE::E_134_@_3,2.9975263e-06
EVIDENCE::E_136_@_2,1.450683e-06
EVIDENCE::E_132_@_5,0.0
EVIDENCE::E_136_@_3,0.0
EVIDENCE::E_136_@_5,0.0
EVIDENCE::E_136_@_4,0.0
EVIDENCE::E_132_@_3,0.0
EVIDENCE::E_132_@_6,0.0
EVIDENCE::E_55_@_V_52,0.0
EVIDENCE::E_55_@_V_48,0.0
EVIDENCE::E_55_@_V_51,0.0
EVIDENCE::E_55_@_V_106,0.0
EVIDENCE::E_55_@_V_119,0.0
EVIDENCE::E_55_@_V_105,0.0
EVIDENCE::E_55_@_V_47,0.0
EVIDENCE::E_55_@_V_120,0.0
EVIDENCE::E_55_@_V_197,0.0
EVIDENCE::E_55_@_V_23,0.0
EVIDENCE::E_55_@_V_24,0.0
